[
    {
        "name":"Name",
        "designation":"Front End Developer",
        "twitter":"https://twitter.com/vrijrajsingh",
        "linkedin":"https://www.linkedin.com/in/vrijraj",
        "github":"https://github.com/Vrijraj",
        "profileImage":"",
        "website":""
    },
    {
        "name":"Name",
        "designation":"Front End Developer",
        "twitter":"https://twitter.com/vrijrajsingh",
        "linkedin":"https://www.linkedin.com/in/vrijraj",
        "github":"https://github.com/Vrijraj",
        "profileImage":"",
        "website":""
    },
    {
        "name":"Name",
        "designation":"Front End Developer",
        "twitter":"https://twitter.com/vrijrajsingh",
        "linkedin":"https://www.linkedin.com/in/vrijraj",
        "github":"https://github.com/Vrijraj",
        "profileImage":"",
        "website":""
    },
    {
        "name":"Name",
        "designation":"Front End Developer",
        "twitter":"",
        "linkedin":"https://www.linkedin.com/in/vrijraj",
        "github":"https://github.com/Vrijraj",
        "profileImage":"",
        "website":""
    },
    {
        "name":"Name",
        "designation":"Front End Developer",
        "twitter":"https://twitter.com/vrijrajsingh",
        "linkedin":"https://www.linkedin.com/in/vrijraj",
        "github":"https://github.com/Vrijraj",
        "profileImage":"",
        "website":""
    },
    {
        "name":"Name",
        "designation":"Front End Developer",
        "twitter":"https://twitter.com/vrijrajsingh",
        "linkedin":"https://www.linkedin.com/in/vrijraj",
        "github":"https://github.com/Vrijraj",
        "profileImage":"",
        "website":""
    }
]