[
    {
        "name":"Name",
        "designation":"Development",
        "twitter":"https://twitter.com/",
        "linkedin":"https://www.linkedin.com/",
        "github":"https://github.com/",
        "profileImage":"",
        "website":""
    },
    {
        "name":"Name",
        "designation":"Management",
        "twitter":"",
        "linkedin":"https://www.linkedin.com/",
        "github":"",
        "profileImage":"",
        "website":""
    },
    {
        "name":"Name",
        "designation":"Development",
        "twitter":"https://twitter.com/",
        "linkedin":"https://www.linkedin.com/",
        "github":"https://www.github.com/",
        "profileImage":"",
        "website":""
    },
    {
        "name":"Name",
        "designation":"Development",
        "twitter":"https://twitter.com/",
        "linkedin":"https://linkedin.com/",
        "github":"https://github.com/",
        "profileImage":"",
        "website":"https://github.com"
    },
    {
        "name":"Name",
        "designation":"Development",
        "twitter":"https://twitter.com/",
        "linkedin":"",
        "github":"https://github.com/",
        "profileImage":"",
        "website":""
    }
]